year,mean
1999,10.323105140092276
2000,10.063540078193867
2001,10.016617673206472
2022,11.49162925662092
2023,11.452147471634651
2024,11.580979610209317
